{
  "id": "customFromIfcDocument",
  "classes": {
    "merged": {
      "properties": {
        "psetDoorCommonIsExternal": {
          "name": "Pset_DoorCommon_IsExternal",
          "type": "STRING",
          "noData": ""
        },
        "psetWallCommonReference": {
          "name": "Pset_WallCommon_Reference",
          "type": "STRING",
          "noData": ""
        },
        "psetWallCommonExtendToStructure": {
          "name": "Pset_WallCommon_ExtendToStructure",
          "type": "STRING",
          "noData": ""
        },
        "psetReinforcementBarPitchOfWallReference": {
          "name": "Pset_ReinforcementBarPitchOfWall_Reference",
          "type": "STRING",
          "noData": ""
        },
        "psetReinforcementBarPitchOfSlabReference": {
          "name": "Pset_ReinforcementBarPitchOfSlab_Reference",
          "type": "STRING",
          "noData": ""
        },
        "psetQuantityTakeOffReference": {
          "name": "Pset_QuantityTakeOff_Reference",
          "type": "STRING",
          "noData": ""
        },
        "objectType": {
          "name": "ObjectType",
          "type": "STRING",
          "noData": ""
        },
        "psetWindowCommonIsExternal": {
          "name": "Pset_WindowCommon_IsExternal",
          "type": "STRING",
          "noData": ""
        },
        "psetRailingCommonReference": {
          "name": "Pset_RailingCommon_Reference",
          "type": "STRING",
          "noData": ""
        },
        "psetDoorCommonReference": {
          "name": "Pset_DoorCommon_Reference",
          "type": "STRING",
          "noData": ""
        },
        "classId": {
          "name": "Class ID",
          "type": "SCALAR",
          "componentType": "UINT32",
          "noData": 0
        },
        "className": {
          "name": "Class Name",
          "type": "STRING",
          "noData": ""
        },
        "psetRailingCommonIsExternal": {
          "name": "Pset_RailingCommon_IsExternal",
          "type": "STRING",
          "noData": ""
        },
        "expressId": {
          "name": "Express ID",
          "type": "SCALAR",
          "componentType": "UINT32",
          "noData": 0
        },
        "ownerHistory": {
          "name": "OwnerHistory",
          "type": "SCALAR",
          "componentType": "UINT32",
          "noData": 0
        },
        "globalId": {
          "name": "GlobalId",
          "type": "STRING",
          "noData": ""
        },
        "predefinedType": {
          "name": "PredefinedType",
          "type": "STRING",
          "noData": ""
        },
        "psetSlabCommonPitchAngle": {
          "name": "Pset_SlabCommon_PitchAngle",
          "type": "SCALAR",
          "componentType": "FLOAT32",
          "noData": 0.0
        },
        "psetWallCommonIsExternal": {
          "name": "Pset_WallCommon_IsExternal",
          "type": "STRING",
          "noData": ""
        },
        "name": {
          "type": "STRING",
          "noData": ""
        },
        "representation": {
          "name": "Representation",
          "type": "SCALAR",
          "componentType": "UINT32",
          "noData": 0
        },
        "psetWallCommonLoadBearing": {
          "name": "Pset_WallCommon_LoadBearing",
          "type": "STRING",
          "noData": ""
        },
        "psetBuildingElementProxyCommonReference": {
          "name": "Pset_BuildingElementProxyCommon_Reference",
          "type": "STRING",
          "noData": ""
        },
        "tag": {
          "name": "Tag",
          "type": "STRING",
          "noData": ""
        },
        "name_1": {
          "name": "Name",
          "type": "STRING",
          "noData": ""
        },
        "objectPlacement": {
          "name": "ObjectPlacement",
          "type": "SCALAR",
          "componentType": "UINT32",
          "noData": 0
        },
        "psetWindowCommonReference": {
          "name": "Pset_WindowCommon_Reference",
          "type": "STRING",
          "noData": ""
        },
        "psetSlabCommonIsExternal": {
          "name": "Pset_SlabCommon_IsExternal",
          "type": "STRING",
          "noData": ""
        },
        "psetSlabCommonReference": {
          "name": "Pset_SlabCommon_Reference",
          "type": "STRING",
          "noData": ""
        },
        "overallWidth": {
          "name": "OverallWidth",
          "type": "SCALAR",
          "componentType": "FLOAT32",
          "noData": 0.0
        },
        "overallHeight": {
          "name": "OverallHeight",
          "type": "SCALAR",
          "componentType": "FLOAT32",
          "noData": 0.0
        },
        "psetRailingCommonHeight": {
          "name": "Pset_RailingCommon_Height",
          "type": "SCALAR",
          "componentType": "FLOAT32",
          "noData": 0.0
        }
      }
    }
  }
}