{
  "asset": {
    "version": "1.1",
    "extras": {
      "ion": {
        "georeferenced": false,
        "movable": true
      }
    }
  },
  "schemaUri": "schema.json",
  "geometricError": 439.25388205455994,
  "root": {
    "boundingVolume": {
      "box": [-318.9941561929262, 184.37772243248014, 262.19999999999993, 60.0, 0.0, 0.0, 0.0, 173.88500000000067, 0.0, 0.0, 0.0, 120.00000000000033]
    },
    "geometricError": 137.95104204028388,
    "refine": "ADD",
    "content": {
      "uri": "tiles/0/0/0/0.glb"
    },
    "children": [{
        "boundingVolume": {
          "box": [-323.50178660772247, 116.29009114080003, 254.96944264156718, 42.250000000000085, 0.0, 0.0, 0.0, 75.20663129168067, 0.0, 0.0, 0.0, 63.0634426415672]
        },
        "geometricError": 20.539982365935096,
        "content": {
          "boundingVolume": {
            "box": [-323.50178660772247, 126.29784743248045, 253.34999999999977, 42.250000000000085, 0.0, 0.0, 0.0, 65.19887500000023, 0.0, 0.0, 0.0, 54.150000000000176]
          },
          "uri": "tiles/1/0/0/0.glb"
        },
        "children": [{
            "boundingVolume": {
              "box": [-347.8830676611369, 158.85854750111275, 210.39247173901896, 14.274999999999977, 0.0, 0.0, 0.0, 24.419708398952963, 0.0, 0.0, 0.0, 18.48647173901897]
            },
            "geometricError": 2.8053520278211437,
            "content": {
              "boundingVolume": {
                "box": [-351.89771190710997, 162.2434074689181, 210.39247173901896, 3.401600000000002, 0.0, 0.0, 0.0, 17.430039627462918, 0.0, 0.0, 0.0, 18.48647173901897]
              },
              "uri": "tiles/2/0/1/0.glb"
            },
            "children": [{
                "boundingVolume": {
                  "box": [-348.67903737370443, 134.4851059723828, 221.38144082384525, 11.424980162748597, 0.0, 0.0, 0.0, 0.04626687022300757, 0.0, 0.0, 0.0, 0.09619250772415457]
                },
                "geometricError": 0.204788536021997,
                "children": [{
                    "boundingVolume": {
                      "box": [-360.0790175364531, 134.4638391021598, 221.38153657761012, 0.024999999999977263, 0.0, 0.0, 0.0, 0.025000000000005684, 0.0, 0.0, 0.0, 0.09609675395927297]
                    },
                    "geometricError": 0.0,
                    "content": {
                      "uri": "tiles/4/0/5/3.glb"
                    }
                  }, {
                    "boundingVolume": {
                      "box": [-344.2290451171929, 134.49340751382948, 221.38140344627914, 6.974987906237061, 0.0, 0.0, 0.0, 0.0379653287763091, 0.0, 0.0, 0.0, 0.09615513015805277]
                    },
                    "geometricError": 0.0,
                    "content": {
                      "uri": "tiles/4/1/5/3.glb"
                    }
                  }]
              }, {
                "boundingVolume": {
                  "box": [-356.3830676611369, 180.1782559000657, 206.13721999940327, 5.774999999999977, 0.0, 0.0, 0.0, 3.1000000000000227, 0.0, 0.0, 0.0, 6.247780000596678]
                },
                "geometricError": 0.204788536021997,
                "content": {
                  "boundingVolume": {
                    "box": [-355.6587828843252, 180.1782559000657, 200.6394399988066, 1.4069962766015183, 0.0, 0.0, 0.0, 3.1000000000000227, 0.0, 0.0, 0.0, 0.75]
                  },
                  "uri": "tiles/3/0/3/1.glb"
                },
                "children": [{
                    "boundingVolume": {
                      "box": [-362.1330676611369, 180.2816316630523, 200.0020967539599, 0.024999999999977263, 0.0, 0.0, 0.0, 0.025000000000005684, 0.0, 0.0, 0.0, 0.09609675395927297]
                    },
                    "geometricError": 0.204788536021997,
                    "children": [{
                        "boundingVolume": {
                          "box": [-362.1330676611369, 180.2816316630523, 200.0020967539599, 0.024999999999977263, 0.0, 0.0, 0.0, 0.025000000000005684, 0.0, 0.0, 0.0, 0.09609675395927297]
                        },
                        "geometricError": 0.0,
                        "content": {
                          "uri": "tiles/5/1/15/5.glb"
                        }
                      }]
                  }, {
                    "boundingVolume": {
                      "box": [-353.3330676611369, 180.28163166305228, 200.0020967539599, 2.724999999999966, 0.0, 0.0, 0.0, 0.025000000000019895, 0.0, 0.0, 0.0, 0.09609675395927297]
                    },
                    "geometricError": 0.204788536021997,
                    "children": [{
                        "boundingVolume": {
                          "box": [-353.3330676611369, 180.28163166305228, 200.0020967539599, 2.724999999999966, 0.0, 0.0, 0.0, 0.025000000000019895, 0.0, 0.0, 0.0, 0.09609675395927297]
                        },
                        "geometricError": 0.0,
                        "content": {
                          "uri": "tiles/5/2/15/5.glb"
                        }
                      }]
                  }, {
                    "boundingVolume": {
                      "box": [-362.1330676611369, 180.2816316630523, 212.2889032460407, 0.024999999999977263, 0.0, 0.0, 0.0, 0.025000000000005684, 0.0, 0.0, 0.0, 0.09609675395927297]
                    },
                    "geometricError": 0.204788536021997,
                    "children": [{
                        "boundingVolume": {
                          "box": [-362.1330676611369, 180.2816316630523, 212.2889032460407, 0.024999999999977263, 0.0, 0.0, 0.0, 0.025000000000005684, 0.0, 0.0, 0.0, 0.09609675395927297]
                        },
                        "geometricError": 0.0,
                        "content": {
                          "uri": "tiles/5/1/15/6.glb"
                        }
                      }]
                  }, {
                    "boundingVolume": {
                      "box": [-353.3330676611369, 180.28163166305228, 212.2889032460407, 2.724999999999966, 0.0, 0.0, 0.0, 0.025000000000019895, 0.0, 0.0, 0.0, 0.09609675395927297]
                    },
                    "geometricError": 0.204788536021997,
                    "children": [{
                        "boundingVolume": {
                          "box": [-353.3330676611369, 180.28163166305228, 212.2889032460407, 2.724999999999966, 0.0, 0.0, 0.0, 0.025000000000019895, 0.0, 0.0, 0.0, 0.09609675395927297]
                        },
                        "geometricError": 0.0,
                        "content": {
                          "uri": "tiles/5/2/15/6.glb"
                        }
                      }]
                  }]
              }, {
                "boundingVolume": {
                  "box": [-333.6330676611369, 180.2816316630522, 200.0020967539599, 0.024999999999977263, 0.0, 0.0, 0.0, 0.025000000000005684, 0.0, 0.0, 0.0, 0.09609675395927297]
                },
                "geometricError": 0.204788536021997,
                "children": [{
                    "boundingVolume": {
                      "box": [-333.6330676611369, 180.2816316630522, 200.0020967539599, 0.024999999999977263, 0.0, 0.0, 0.0, 0.025000000000005684, 0.0, 0.0, 0.0, 0.09609675395927297]
                    },
                    "geometricError": 0.0,
                    "content": {
                      "uri": "tiles/4/2/7/2.glb"
                    }
                  }]
              }]
          }, {
            "boundingVolume": {
              "box": [-350.17479023376325, 66.22659403828744, 289.5369415460186, 9.856335430501675, 0.0, 0.0, 0.0, 25.143134189168073, 0.0, 0.0, 0.0, 22.463058453981294]
            },
            "geometricError": 3.5004828238401715,
            "content": {
              "boundingVolume": {
                "box": [-352.4102772865317, 76.95310519149581, 289.5369415460186, 7.295961321611458, 0.0, 0.0, 0.0, 14.416623035959695, 0.0, 0.0, 0.0, 22.463058453981294]
              },
              "uri": "tiles/2/0/0/1.glb"
            },
            "children": [{
                "boundingVolume": {
                  "box": [-350.19123270404043, 41.143459849119374, 305.9249999999999, 0.060000000000002274, 0.0, 0.0, 0.0, 0.060000000000002274, 0.0, 0.0, 0.0, 0.375]
                },
                "geometricError": 0.0,
                "content": {
                  "uri": "tiles/3/0/0/3.glb"
                }
              }, {
                "boundingVolume": {
                  "box": [-350.17479023376325, 65.35747509206661, 301.734638058618, 9.856335430501675, 0.0, 0.0, 0.0, 9.04037234041409, 0.0, 0.0, 0.0, 8.932817252069725]
                },
                "geometricError": 0.5022734281368243,
                "content": {
                  "uri": "tiles/3/0/1/3.glb"
                },
                "children": [{
                    "boundingVolume": {
                      "box": [-356.72286115359947, 73.82961756840882, 306.01499999999993, 0.17635436762532208, 0.0, 0.0, 0.0, 0.1781678595385614, 0.0, 0.0, 0.0, 0.014999999999986358]
                    },
                    "geometricError": 0.0,
                    "content": {
                      "uri": "tiles/4/1/2/7.glb"
                    }
                  }]
              }]
          }, {
            "boundingVolume": {
              "box": [-341.3832548089413, 142.6300352018192, 273.45554942275396, 20.287142901831203, 0.0, 0.0, 0.0, 48.25659632542798, 0.0, 0.0, 0.0, 44.57733586038038]
            },
            "geometricError": 4.312771730569555,
            "content": {
              "uri": "tiles/2/0/1/1.glb"
            },
            "children": [{
                "boundingVolume": {
                  "box": [-348.67903737370443, 134.51208729663347, 229.28139474827685, 11.424980162748597, 0.0, 0.0, 0.0, 0.04626687022302179, 0.0, 0.0, 0.0, 0.09619250772416876]
                },
                "geometricError": 0.204788536021997,
                "children": [{
                    "boundingVolume": {
                      "box": [-360.0790175364531, 134.49082042641047, 229.28149050204175, 0.024999999999977263, 0.0, 0.0, 0.0, 0.025000000000005684, 0.0, 0.0, 0.0, 0.09609675395927297]
                    },
                    "geometricError": 0.0,
                    "content": {
                      "uri": "tiles/4/0/5/4.glb"
                    }
                  }, {
                    "boundingVolume": {
                      "box": [-344.2290451171929, 134.52038883808018, 229.28135737071074, 6.974987906237061, 0.0, 0.0, 0.0, 0.037965328776323304, 0.0, 0.0, 0.0, 0.09615513015805277]
                    },
                    "geometricError": 0.0,
                    "content": {
                      "uri": "tiles/4/1/5/4.glb"
                    }
                  }]
              }, {
                "boundingVolume": {
                  "box": [-358.28881622511943, 118.74672243248096, 306.49999999999994, 1.7423094391454583, 0.0, 0.0, 0.0, 21.350000000000005, 0.0, 0.0, 0.0, 0.5]
                },
                "geometricError": 0.5022734281368444,
                "content": {
                  "boundingVolume": {
                    "box": [-359.63112566426486, 118.74672243248096, 306.49999999999994, 0.4000000000000341, 0.0, 0.0, 0.0, 21.350000000000005, 0.0, 0.0, 0.0, 0.5]
                  },
                  "uri": "tiles/3/0/2/3.glb"
                },
                "children": [{
                    "boundingVolume": {
                      "box": [-356.7228611535994, 98.02849256840905, 306.01499999999993, 0.17635436762532208, 0.0, 0.0, 0.0, 0.1781678595385614, 0.0, 0.0, 0.0, 0.014999999999986358]
                    },
                    "geometricError": 0.0,
                    "content": {
                      "uri": "tiles/4/1/4/7.glb"
                    }
                  }, {
                    "boundingVolume": {
                      "box": [-356.7228611535993, 129.5284925684091, 306.01499999999993, 0.17635436762532208, 0.0, 0.0, 0.0, 10.178167859538597, 0.0, 0.0, 0.0, 0.014999999999986358]
                    },
                    "geometricError": 0.0,
                    "content": {
                      "uri": "tiles/4/1/5/7.glb"
                    }
                  }]
              }, {
                "boundingVolume": {
                  "box": [-351.7890805166779, 169.97851102674065, 307.99999999999994, 8.242045147586822, 0.0, 0.0, 0.0, 11.6817885942602, 0.0, 0.0, 0.0, 2.0]
                },
                "geometricError": 0.5022734281368444,
                "content": {
                  "uri": "tiles/3/0/3/3.glb"
                },
                "children": [{
                    "boundingVolume": {
                      "box": [-356.7228611535993, 158.92849256840861, 306.01499999999993, 0.17635436762532208, 0.0, 0.0, 0.0, 0.1781678595385756, 0.0, 0.0, 0.0, 0.014999999999986358]
                    },
                    "geometricError": 0.0,
                    "content": {
                      "uri": "tiles/4/1/6/7.glb"
                    }
                  }, {
                    "boundingVolume": {
                      "box": [-356.72286115359924, 180.60849256840905, 306.01499999999993, 0.17635436762532208, 0.0, 0.0, 0.0, 0.1781678595385756, 0.0, 0.0, 0.0, 0.014999999999986358]
                    },
                    "geometricError": 0.0,
                    "content": {
                      "uri": "tiles/4/1/7/7.glb"
                    }
                  }]
              }]
          }]
      }, {
        "boundingVolume": {
          "box": [-323.5018344859219, 244.58870118632672, 256.5999999999998, 42.24995212180071, 0.0, 0.0, 0.0, 60.34840156532583, 0.0, 0.0, 0.0, 57.40000000000019]
        },
        "geometricError": 12.268419096677167,
        "content": {
          "boundingVolume": {
            "box": [-323.5018344859219, 240.6824510039092, 252.59999999999997, 42.24995212180071, 0.0, 0.0, 0.0, 49.18572857142848, 0.0, 0.0, 0.0, 53.400000000000375]
          },
          "uri": "tiles/1/0/1/0.glb"
        },
        "children": [{
            "boundingVolume": {
              "box": [-354.59771190711, 207.86002332103192, 218.39171781186622, 0.7016000000000134, 0.0, 0.0, 0.0, 0.11429999999998586, 0.0, 0.0, 0.0, 4.374650000000003]
            },
            "geometricError": 0.0,
            "content": {
              "uri": "tiles/2/0/2/0.glb"
            }
          }, {
            "boundingVolume": {
              "box": [-341.8636187856873, 223.307315132143, 271.4391067811869, 18.167506878577314, 0.0, 0.0, 0.0, 39.067015511142095, 0.0, 0.0, 0.0, 42.56089321881304]
            },
            "geometricError": 2.635072551842998,
            "content": {
              "boundingVolume": {
                "box": [-339.49771190711, 223.307315132143, 271.4391067811869, 15.80159999999998, 0.0, 0.0, 0.0, 39.067015511142095, 0.0, 0.0, 0.0, 42.56089321881304]
              },
              "uri": "tiles/2/0/2/1.glb"
            },
            "children": [{
                "boundingVolume": {
                  "box": [-351.849080516678, 204.80351102674092, 307.3499999999999, 8.182045147586678, 0.0, 0.0, 0.0, 17.293211405739996, 0.0, 0.0, 0.0, 1.3499999999999943]
                },
                "geometricError": 0.5022734281368444,
                "content": {
                  "uri": "tiles/3/0/4/3.glb"
                },
                "children": [{
                    "boundingVolume": {
                      "box": [-356.7228611535992, 202.1693667920362, 306.01499999999993, 0.17635436762532208, 0.0, 0.0, 0.0, 0.1781678595385756, 0.0, 0.0, 0.0, 0.014999999999986358]
                    },
                    "geometricError": 0.0,
                    "content": {
                      "uri": "tiles/4/1/8/7.glb"
                    }
                  }, {
                    "boundingVolume": {
                      "box": [-356.7228611535992, 221.52849256840906, 306.01499999999993, 0.17635436762532208, 0.0, 0.0, 0.0, 0.1781678595385756, 0.0, 0.0, 0.0, 0.014999999999986358]
                    },
                    "geometricError": 0.0,
                    "content": {
                      "uri": "tiles/4/1/9/7.glb"
                    }
                  }]
              }, {
                "boundingVolume": {
                  "box": [-358.28881622511915, 241.49672243248094, 306.49999999999994, 1.7423094391453164, 0.0, 0.0, 0.0, 0.5999999999999943, 0.0, 0.0, 0.0, 0.5]
                },
                "geometricError": 0.5022734281368444,
                "content": {
                  "boundingVolume": {
                    "box": [-359.6311256642645, 241.49672243248094, 306.49999999999994, 0.39999999999997726, 0.0, 0.0, 0.0, 0.5999999999999943, 0.0, 0.0, 0.0, 0.5]
                  },
                  "uri": "tiles/3/0/5/3.glb"
                },
                "children": [{
                    "boundingVolume": {
                      "box": [-356.7228611535992, 241.5284925684091, 306.01499999999993, 0.17635436762532208, 0.0, 0.0, 0.0, 0.1781678595385756, 0.0, 0.0, 0.0, 0.014999999999986358]
                    },
                    "geometricError": 0.0,
                    "content": {
                      "uri": "tiles/4/1/10/7.glb"
                    }
                  }]
              }]
          }, {
            "boundingVolume": {
              "box": [-353.2857936387071, 287.91691259206664, 299.5960330193748, 6.745332025557361, 0.0, 0.0, 0.0, 17.020190159585923, 0.0, 0.0, 0.0, 12.403966980625144]
            },
            "geometricError": 3.500482823840198,
            "content": {
              "boundingVolume": {
                "box": [-356.80117525762637, 281.50594389508626, 299.9909406062658, 2.9050633505164285, 0.0, 0.0, 0.0, 6.530538260449846, 0.0, 0.0, 0.0, 12.00905939373419]
              },
              "uri": "tiles/2/0/3/1.glb"
            },
            "children": [{
                "boundingVolume": {
                  "box": [-353.2857936387071, 287.91691259206664, 298.9297606747187, 6.745332025557361, 0.0, 0.0, 0.0, 17.020190159585923, 0.0, 0.0, 0.0, 11.737694635969035]
                },
                "geometricError": 0.5022734281368444,
                "content": {
                  "uri": "tiles/3/0/6/3.glb"
                },
                "children": [{
                    "boundingVolume": {
                      "box": [-356.7228611535991, 271.52849256840886, 306.01499999999993, 0.17635436762532208, 0.0, 0.0, 0.0, 0.1781678595385756, 0.0, 0.0, 0.0, 0.014999999999986358]
                    },
                    "geometricError": 0.0,
                    "content": {
                      "uri": "tiles/4/1/12/7.glb"
                    }
                  }]
              }]
          }]
      }, {
        "boundingVolume": {
          "box": [-358.81067916322013, 173.9890481070393, 319.2929925016982, 2.769999999999982, 0.0, 0.0, 0.0, 3.0700000000000216, 0.0, 0.0, 0.0, 1.2929925016982793]
        },
        "geometricError": 4.983653088694938,
        "content": {
          "boundingVolume": {
            "box": [-358.81067916322013, 173.9890481070393, 318.4486602540378, 2.769999999999982, 0.0, 0.0, 0.0, 3.0700000000000216, 0.0, 0.0, 0.0, 0.44866025403788967]
          },
          "uri": "tiles/1/0/0/1.glb"
        },
        "children": [{
            "boundingVolume": {
              "box": [-359.27538102619, 173.98357600390892, 319.2929925016982, 1.552132654067691, 0.0, 0.0, 0.0, 2.1767236170919944, 0.0, 0.0, 0.0, 1.2929925016982793]
            },
            "geometricError": 0.7595630322758059,
            "content": {
              "boundingVolume": {
                "box": [-359.27538102619, 173.98357600390892, 319.2929925016982, 1.552132654067691, 0.0, 0.0, 0.0, 2.1767236170919806, 0.0, 0.0, 0.0, 1.2929925016982793]
              },
              "uri": "tiles/2/0/1/2.glb"
            },
            "children": [{
                "boundingVolume": {
                  "box": [-359.2753810261901, 173.98357600390892, 319.19188498922983, 1.5521326540676341, 0.0, 0.0, 0.0, 2.1767236170919806, 0.0, 0.0, 0.0, 0.30501501077014836]
                },
                "geometricError": 0.0,
                "content": {
                  "uri": "tiles/3/0/3/4.glb"
                }
              }]
          }]
      }]
  }
}